2026-05-27 18:47|IA|Hector|Hola
2026-05-27 18:47|IA|Hector|gre
2026-05-27 18:47|IA|Hector|ger
2026-05-27 18:47|IA|Hector|ger
2026-05-27 18:47|IA|Hector|gerg
2026-05-27 18:47|IA|Hector|erg
2026-05-27 18:47|IA|Hector|er
2026-05-27 18:47|IA|Hector|ger
2026-05-27 18:47|IA|Hector|gre
2026-05-27 18:47|IA|Hector|gre
2026-05-27 18:47|IA|Hector|greg
2026-05-27 18:47|IA|Hector|er
2026-05-27 18:47|IA|Hector|ger
2026-05-27 18:47|IA|Hector|ger
2026-05-27 18:47|IA|Hector|ger
2026-05-27 18:47|IA|Hector|ger
2026-05-27 18:47|IA|Hector|ger
2026-05-27 18:47|IA|Hector|g
2026-05-27 18:47|IA|Hector|eg
2026-05-27 18:47|IA|Hector|erg
2026-05-27 18:47|IA|Hector|erg
2026-05-27 18:47|IA|Hector|er
2026-05-27 18:47|IA|Hector|gg
2026-05-27 18:47|IA|Hector|g
2026-05-27 18:47|IA|Hector|e
2026-05-27 18:47|IA|Hector|g
2026-05-27 18:47|IA|Hector|g
2026-05-27 18:47|IA|Hector|gerg
2026-05-27 18:47|IA|Hector|e
2026-05-27 18:47|IA|Hector|gg
2026-05-27 18:47|IA|Hector|e
2026-05-27 18:47|IA|Hector|geg
2026-05-27 18:47|IA|Hector|e
2026-05-27 18:47|IA|Hector|ge
2026-05-27 18:47|IA|Hector|geg
2026-05-27 18:47|IA|Hector|reg
2026-05-27 18:47|IA|Hector|reg
2026-05-27 18:47|IA|Hector|re
2026-05-27 18:47|IA|Hector|geg
2026-05-27 18:47|IA|Hector|gerg
2026-05-27 18:47|IA|Hector|e
2026-05-27 18:47|IA|Hector|gg
2026-05-27 18:47|IA|Hector|erg
2026-05-27 18:47|IA|Hector|eg
2026-05-27 18:47|IA|Hector|erg
2026-05-27 18:47|IA|Hector|erg
2026-05-27 18:47|IA|Hector|e
2026-05-27 18:47|IA|Hector|g
2026-05-27 18:47|IA|Hector|ge
2026-05-27 18:47|IA|Hector|g
2026-05-27 18:47|IA|Hector|g
2026-05-27 18:47|IA|Hector|ger
2026-05-27 18:47|IA|Hector|ger
2026-05-27 18:47|IA|Hector|ger
2026-05-27 18:47|IA|Hector|g
2026-05-27 18:47|IA|Hector|er
2026-05-27 18:47|IA|Hector|gre
2026-05-27 18:47|IA|Hector|ger
2026-05-27 18:47|IA|Hector|g
2026-05-27 18:47|IA|Hector|ger
2026-05-27 18:47|IA|Hector|ger
2026-05-27 18:47|IA|Hector|ger
2026-05-27 18:47|IA|Hector|g
2026-05-27 18:47|IA|Hector|ergeg
2026-05-27 18:47|IA|Hector|reg
2026-05-27 18:47|IA|Hector|e
2026-05-27 18:47|IA|Hector|gg
2026-05-27 18:47|IA|Hector|re
2026-05-27 18:47|IA|Hector|ger
2026-05-27 18:47|IA|Hector|er
2026-05-27 18:47|IA|Hector|HOLA
2026-05-27 18:55|IA|Hector|HOLA
2026-05-27 18:55|Deportes|Hector|hola
2026-05-27 19:05|IA|Hector|hola
2026-05-27 19:05|IA|Hector|fewfew
2026-05-27 19:12|IA|Hector|hola
2026-05-27 19:12|IA|Hector|efwfewfwef
2026-05-27 19:12|IA|Hector|fewf
2026-05-27 19:17|IA|Hector|hola
2026-05-27 19:17|IA|Hector|ergeg
2026-05-27 19:20|IA|Hector|Hola
2026-05-27 19:20|IA|Hector|gerge
2026-05-27 19:20|IA|Hector|erg
2026-05-27 19:20|IA|Hector|reg
2026-05-27 19:20|IA|Hector|g
2026-05-27 19:20|IA|Hector|erge
2026-05-27 19:20|IA|Hector|g
2026-05-27 19:20|IA|Hector|erg
2026-05-27 19:20|IA|Hector|erg
2026-05-27 19:20|IA|Hector|erg
2026-05-27 19:20|IA|Hector|erg
2026-05-27 19:20|IA|Hector|er
2026-05-27 19:20|IA|Hector|e
2026-05-27 19:20|IA|Hector|ger
2026-05-27 19:20|IA|Hector|g
2026-05-27 19:20|IA|Hector|e
2026-05-27 19:20|IA|Hector|r
2026-05-27 19:20|IA|Hector|ge
2026-05-27 19:20|IA|Hector|rg
2026-05-27 19:20|IA|Hector|r
2026-05-27 19:20|IA|Hector|eg
2026-05-27 19:20|IA|Hector|erg
2026-05-27 19:20|IA|Hector|erge
2026-05-27 19:20|IA|Hector|ge
2026-05-27 19:20|IA|Hector|ge
2026-06-06 17:28|IA|David|kjfowsdn
2026-06-06 17:28|IA|David|wskdjnvsdv
2026-06-06 17:28|IA|David|sasss
2026-06-06 17:28|IA|David|pepepepepe
2026-06-06 17:28|IA|David|ffff
2026-06-06 12:00|IA|RobotTest|Mensaje de prueba para cobertura
2026-06-06 12:00|IA|RobotTest|Mensaje de prueba para cobertura
2026-06-08 17:27|UEMC|Hector|HOLAA
2026-06-08 17:27|IA|Hector|HOLA
2026-06-08 17:28|IA|Hector|FEWFWF
2026-06-08 17:28|IA|Hector|EWFFEW
2026-06-08 17:28|IA|Hector|WEFEF
2026-06-08 17:28|IA|Hector|EWFEWF
2026-06-08 17:28|IA|Hector|EWFEW
2026-06-08 17:28|IA|Hector|FEWFEW
2026-06-08 17:28|IA|Hector|FEW
2026-06-08 17:28|IA|Hector|FEW
2026-06-08 17:28|IA|Hector|F
2026-06-08 17:28|IA|Hector|E
2026-06-08 17:28|IA|Hector|F
2026-06-08 17:28|IA|Hector|EWF
2026-06-08 17:28|IA|Hector|WEF
2026-06-08 17:28|IA|Hector|WE
2026-06-08 17:28|IA|Hector|FW
2026-06-08 17:28|IA|Hector|HOLA
